{
    "epoch": 1.991111111111111,
    "total_flos": 1.7921608915943424e+17,
    "train_loss": 1.0382309055754118,
    "train_runtime": 1408.3315,
    "train_samples_per_second": 1.278,
    "train_steps_per_second": 0.08
}